transaction_id,account_id,customer_id,bank_name,transaction_date,transaction_type,category,amount,account_balance,channel,status,reference_number
TXN000001,ACC010000022,CUST00023,Axis Bank,2024-06-29,UPI Payment,Entertainment,40724.49,781324.54,Mobile App,Success,REF-B3303798
TXN000002,ACC010000031,CUST00032,SBI,2023-04-19,IMPS,Healthcare,41213.05,660589.77,POS Terminal,Success,REF-E25E780B
TXN000003,ACC010000027,CUST00028,SBI,2023-06-30,Transfer,Fuel,69723.86,1145640.3,UPI,Success,REF-AA7EB894
TXN000004,ACC010000029,CUST00030,Axis Bank,2024-03-22,Transfer,Utilities,78453.5,146636.24,Mobile App,Success,REF-4AE83BA7
TXN000005,ACC010000028,CUST00029,Kotak Bank,2023-09-07,NEFT,Travel,71307.72,168271.87,ATM,Success,REF-3D1915C7
TXN000006,ACC010000031,CUST00032,SBI,2023-11-29,IMPS,EMI,17315.69,654587.04,ATM,Success,REF-4A032F87
TXN000007,ACC010000038,CUST00039,HDFC Bank,2024-12-19,UPI Payment,Utilities,83616.19,591027.2,Mobile App,Success,REF-4FA5AE84
TXN000008,ACC010000046,CUST00047,Kotak Bank,2024-02-21,NEFT,Healthcare,46440.47,776677.08,POS Terminal,Failed,REF-616C2C84
TXN000009,ACC010000031,CUST00032,SBI,2024-04-03,Debit,Travel,75338.98,649824.38,POS Terminal,Success,REF-40B479DD
TXN000010,ACC010000019,CUST00020,ICICI Bank,2024-11-10,UPI Payment,Entertainment,55268.7,844660.63,Branch,Failed,REF-E242B4F6
TXN000011,ACC010000035,CUST00036,ICICI Bank,2023-12-05,Transfer,EMI,33454.41,246448.6,Net Banking,Success,REF-DFBDD93A
TXN000012,ACC010000046,CUST00047,Kotak Bank,2023-07-17,IMPS,Food & Dining,30011.28,776065.73,Net Banking,Success,REF-9A3F05F2
TXN000013,ACC010000047,CUST00048,HDFC Bank,2024-05-10,IMPS,Investment,26303.64,321620.02,UPI,Success,REF-13D775AA
TXN000014,ACC010000006,CUST00007,ICICI Bank,2023-07-18,Transfer,Salary,28178.6,86124.26,POS Terminal,Pending,REF-32807EB0
TXN000015,ACC010000008,CUST00009,ICICI Bank,2023-10-08,Transfer,Food & Dining,4371.72,1180334.1,POS Terminal,Success,REF-0FB1E941
TXN000016,ACC010000006,CUST00007,ICICI Bank,2023-01-13,ATM Withdrawal,Entertainment,54557.4,90464.9,Net Banking,Success,REF-3D5C77EC
TXN000017,ACC010000016,CUST00017,SBI,2024-05-04,ATM Withdrawal,Shopping,10882.57,429198.61,UPI,Failed,REF-C2F412CD
TXN000018,ACC010000043,CUST00044,SBI,2023-02-24,Transfer,Shopping,14456.48,348078.55,Net Banking,Success,REF-FABF58AF
TXN000019,ACC010000035,CUST00036,ICICI Bank,2024-03-02,Debit,Investment,57619.86,259928.42,Branch,Success,REF-AF27E52D
TXN000020,ACC010000028,CUST00029,Kotak Bank,2023-11-01,Transfer,Fuel,81722.82,185079.13,UPI,Success,REF-FD4EBA49
TXN000021,ACC010000039,CUST00040,HDFC Bank,2023-04-12,Debit,EMI,90023.69,1075188.63,POS Terminal,Success,REF-A259D3DB
TXN000022,ACC010000010,CUST00011,Axis Bank,2023-09-03,Credit,Travel,16553.6,75549.15,Branch,Failed,REF-37A73870
TXN000023,ACC010000038,CUST00039,HDFC Bank,2024-04-26,NEFT,EMI,27705.07,578054.61,POS Terminal,Success,REF-61F80BBB
TXN000024,ACC010000004,CUST00005,SBI,2024-12-04,IMPS,Fuel,22213.59,373413.94,POS Terminal,Success,REF-5AED5DDF
TXN000025,ACC010000027,CUST00028,SBI,2023-04-28,Transfer,Food & Dining,51756.2,1132926.74,Mobile App,Success,REF-36D6E7E1
TXN000026,ACC010000010,CUST00011,Axis Bank,2023-11-11,Transfer,Healthcare,56549.43,105516.17,Mobile App,Success,REF-C8B6AE87
TXN000027,ACC010000044,CUST00045,Axis Bank,2023-11-08,UPI Payment,Investment,66489.71,26944.15,Branch,Success,REF-C5F64278
TXN000028,ACC010000005,CUST00006,Axis Bank,2024-09-04,Transfer,Fuel,3834.78,900759.22,ATM,Success,REF-B57FE484
TXN000029,ACC010000005,CUST00006,Axis Bank,2023-08-23,UPI Payment,Fuel,91383.46,916916.41,Mobile App,Failed,REF-9D9D0F51
TXN000030,ACC010000017,CUST00018,SBI,2024-08-13,ATM Withdrawal,Investment,3870.0,203758.21,POS Terminal,Success,REF-AD66B814
TXN000031,ACC010000017,CUST00018,SBI,2023-07-05,IMPS,Healthcare,94709.97,190942.86,Mobile App,Success,REF-BF38E376
TXN000032,ACC010000022,CUST00023,Axis Bank,2024-02-23,IMPS,Food & Dining,31697.63,793307.04,ATM,Success,REF-93FA593D
TXN000033,ACC010000044,CUST00045,Axis Bank,2024-05-22,IMPS,Investment,27416.28,27044.84,Mobile App,Success,REF-B1B0C676
TXN000034,ACC010000005,CUST00006,Axis Bank,2023-11-19,IMPS,Travel,24015.27,888114.93,UPI,Success,REF-52ACC21E
TXN000035,ACC010000042,CUST00043,SBI,2024-07-09,UPI Payment,Entertainment,43914.65,493341.21,UPI,Success,REF-EE97A953
TXN000036,ACC010000040,CUST00041,Kotak Bank,2024-03-28,UPI Payment,Food & Dining,72211.1,1004236.27,ATM,Success,REF-B141A481
TXN000037,ACC010000044,CUST00045,Axis Bank,2024-05-11,UPI Payment,Utilities,11579.41,28162.97,POS Terminal,Success,REF-1D9A2E53
TXN000038,ACC010000019,CUST00020,ICICI Bank,2024-07-18,Debit,Shopping,1348.39,842049.84,Branch,Success,REF-CFE4988B
TXN000039,ACC010000041,CUST00042,Axis Bank,2023-06-07,UPI Payment,EMI,47370.75,123960.8,Branch,Success,REF-4197C16D
TXN000040,ACC010000030,CUST00031,Kotak Bank,2023-09-07,Debit,Fuel,43421.88,118693.67,UPI,Failed,REF-CAD7E5EF
TXN000041,ACC010000008,CUST00009,ICICI Bank,2023-03-13,ATM Withdrawal,Entertainment,26279.69,1209753.31,UPI,Success,REF-B2E625BF
TXN000042,ACC010000000,CUST00001,ICICI Bank,2023-10-17,UPI Payment,Healthcare,68988.54,303728.75,Net Banking,Success,REF-525B4EB7
TXN000043,ACC010000034,CUST00035,SBI,2024-05-10,UPI Payment,Travel,32819.52,864623.26,Branch,Success,REF-4AA95FC7
TXN000044,ACC010000012,CUST00013,Axis Bank,2024-12-15,IMPS,Travel,22724.59,317233.33,Mobile App,Success,REF-D351E20E
TXN000045,ACC010000047,CUST00048,HDFC Bank,2024-04-29,ATM Withdrawal,Food & Dining,67011.39,330492.9,Branch,Success,REF-43111A57
TXN000046,ACC010000008,CUST00009,ICICI Bank,2024-05-29,Credit,Healthcare,91710.32,1191432.85,Mobile App,Pending,REF-0EC3B7B6
TXN000047,ACC010000029,CUST00030,Axis Bank,2023-01-16,NEFT,Food & Dining,68646.04,139336.4,Mobile App,Success,REF-7AE059A6
TXN000048,ACC010000016,CUST00017,SBI,2023-12-13,Credit,Entertainment,59228.48,442484.2,POS Terminal,Pending,REF-C0CEAE0A
TXN000049,ACC010000024,CUST00025,SBI,2023-11-21,ATM Withdrawal,Investment,59564.58,996936.99,Mobile App,Pending,REF-D14A2067
TXN000050,ACC010000004,CUST00005,SBI,2023-08-29,Debit,Shopping,59978.74,399668.91,Branch,Success,REF-D580F754
TXN000051,ACC010000048,CUST00049,Axis Bank,2024-10-10,Debit,EMI,66884.43,874791.23,Mobile App,Success,REF-F530108A
TXN000052,ACC010000020,CUST00021,HDFC Bank,2023-02-27,Debit,Utilities,27905.27,730948.57,UPI,Success,REF-D001992D
TXN000053,ACC010000036,CUST00037,Kotak Bank,2024-11-29,Credit,Fuel,75299.72,749713.71,Branch,Pending,REF-6D8C1FFC
TXN000054,ACC010000043,CUST00044,SBI,2023-09-04,Debit,Healthcare,47303.51,338959.16,POS Terminal,Success,REF-D6573D82
TXN000055,ACC010000029,CUST00030,Axis Bank,2023-09-19,ATM Withdrawal,EMI,63366.53,158893.6,POS Terminal,Pending,REF-277C9DC7
TXN000056,ACC010000010,CUST00011,Axis Bank,2023-03-17,UPI Payment,EMI,41992.24,86369.18,POS Terminal,Success,REF-94127A46
TXN000057,ACC010000044,CUST00045,Axis Bank,2023-09-14,ATM Withdrawal,Healthcare,43426.56,1321.97,Mobile App,Success,REF-395B9CE3
TXN000058,ACC010000024,CUST00025,SBI,2024-08-08,NEFT,EMI,34133.17,973274.34,Mobile App,Failed,REF-5E04C123
TXN000059,ACC010000025,CUST00026,HDFC Bank,2023-10-09,IMPS,Salary,818.9,377360.31,UPI,Failed,REF-333AEB35
TXN000060,ACC010000031,CUST00032,SBI,2023-10-21,IMPS,Entertainment,73706.61,655306.99,Net Banking,Failed,REF-1C0A4EBE
TXN000061,ACC010000012,CUST00013,Axis Bank,2024-09-27,IMPS,Food & Dining,23847.01,332137.59,POS Terminal,Success,REF-542FEC79
TXN000062,ACC010000040,CUST00041,Kotak Bank,2024-10-23,Credit,Fuel,3793.17,1027638.36,ATM,Failed,REF-56BFE119
TXN000063,ACC010000008,CUST00009,ICICI Bank,2023-04-03,ATM Withdrawal,Food & Dining,86419.16,1191221.83,Net Banking,Success,REF-159EB92E
TXN000064,ACC010000034,CUST00035,SBI,2024-01-10,IMPS,Food & Dining,50454.43,879086.04,ATM,Success,REF-FB39C8CF
TXN000065,ACC010000018,CUST00019,ICICI Bank,2023-12-13,Credit,Food & Dining,76411.88,1000058.48,Net Banking,Failed,REF-305A8791
TXN000066,ACC010000046,CUST00047,Kotak Bank,2024-11-21,IMPS,Investment,93095.52,785041.28,ATM,Success,REF-40CC9C13
TXN000067,ACC010000025,CUST00026,HDFC Bank,2023-01-15,Transfer,EMI,25160.34,347701.16,UPI,Success,REF-ED7D8665
TXN000068,ACC010000040,CUST00041,Kotak Bank,2024-01-16,Credit,Fuel,10337.46,1005446.82,UPI,Success,REF-E598C113
TXN000069,ACC010000039,CUST00040,HDFC Bank,2023-08-15,ATM Withdrawal,EMI,61544.59,1092293.27,POS Terminal,Success,REF-46102848
TXN000070,ACC010000007,CUST00008,SBI,2023-05-24,ATM Withdrawal,Shopping,4355.68,534139.69,Mobile App,Success,REF-3CAB1D56
TXN000071,ACC010000034,CUST00035,SBI,2023-05-19,NEFT,Investment,36951.92,857387.02,Branch,Pending,REF-3049E169
TXN000072,ACC010000047,CUST00048,HDFC Bank,2023-06-08,IMPS,Healthcare,84120.04,324233.42,UPI,Success,REF-8B02D0CC
TXN000073,ACC010000017,CUST00018,SBI,2023-02-03,ATM Withdrawal,Utilities,65592.15,182198.25,ATM,Success,REF-5AB674A7
TXN000074,ACC010000043,CUST00044,SBI,2024-01-12,Transfer,Salary,51747.03,354746.57,Branch,Success,REF-A090A85C
TXN000075,ACC010000012,CUST00013,Axis Bank,2023-05-06,Credit,Utilities,90158.57,334882.14,POS Terminal,Failed,REF-93880D11
TXN000076,ACC010000038,CUST00039,HDFC Bank,2023-01-22,Debit,Fuel,4852.43,582135.93,Net Banking,Success,REF-00E68FBB
TXN000077,ACC010000048,CUST00049,Axis Bank,2024-07-21,IMPS,Utilities,19719.59,879408.99,ATM,Success,REF-341D46CF
TXN000078,ACC010000038,CUST00039,HDFC Bank,2023-01-03,Debit,Investment,26377.25,608156.69,ATM,Success,REF-30CC43C4
TXN000079,ACC010000007,CUST00008,SBI,2024-11-07,Transfer,Utilities,82319.23,537923.33,UPI,Success,REF-FE58CD05
TXN000080,ACC010000001,CUST00002,Axis Bank,2023-06-28,ATM Withdrawal,Investment,25246.64,463034.43,Mobile App,Failed,REF-CF6659C3
TXN000081,ACC010000004,CUST00005,SBI,2024-05-02,UPI Payment,Shopping,42613.73,377313.31,Branch,Pending,REF-F331D3EB
TXN000082,ACC010000014,CUST00015,ICICI Bank,2024-09-21,IMPS,Investment,4167.51,1068961.77,ATM,Success,REF-15A4F212
TXN000083,ACC010000041,CUST00042,Axis Bank,2023-02-01,ATM Withdrawal,Travel,5825.37,114455.95,POS Terminal,Success,REF-F6AFB1CD
TXN000084,ACC010000031,CUST00032,SBI,2024-12-30,Credit,Entertainment,86426.09,649041.88,UPI,Success,REF-E3ED00F5
TXN000085,ACC010000004,CUST00005,SBI,2023-05-10,UPI Payment,Entertainment,26162.77,388154.82,Branch,Pending,REF-060C25BD
TXN000086,ACC010000033,CUST00034,HDFC Bank,2023-10-29,Credit,Shopping,43130.28,731988.71,POS Terminal,Failed,REF-D47B5597
TXN000087,ACC010000049,CUST00050,Kotak Bank,2024-07-18,ATM Withdrawal,Utilities,68493.75,652859.02,Branch,Success,REF-95B64F23
TXN000088,ACC010000029,CUST00030,Axis Bank,2024-02-13,ATM Withdrawal,Entertainment,39548.22,126740.69,POS Terminal,Success,REF-80919744
TXN000089,ACC010000023,CUST00024,SBI,2023-06-06,Credit,Shopping,65263.66,13319.33,Mobile App,Success,REF-5FC3BC95
TXN000090,ACC010000006,CUST00007,ICICI Bank,2024-01-17,UPI Payment,Investment,77127.49,93943.85,UPI,Success,REF-A02F6FEB
TXN000091,ACC010000042,CUST00043,SBI,2023-05-06,IMPS,Travel,39056.28,526117.34,POS Terminal,Success,REF-F3489104
TXN000092,ACC010000018,CUST00019,ICICI Bank,2024-09-06,UPI Payment,Utilities,29717.02,985469.24,Net Banking,Failed,REF-7E012694
TXN000093,ACC010000030,CUST00031,Kotak Bank,2023-08-18,UPI Payment,Entertainment,80498.75,126912.55,Mobile App,Success,REF-C181A262
TXN000094,ACC010000036,CUST00037,Kotak Bank,2023-08-20,IMPS,Fuel,76695.67,776720.57,UPI,Failed,REF-0035BD81
TXN000095,ACC010000041,CUST00042,Axis Bank,2024-07-24,IMPS,EMI,2542.8,132460.04,Mobile App,Success,REF-BE11D484
TXN000096,ACC010000017,CUST00018,SBI,2024-12-20,Transfer,Salary,72440.78,210368.96,Net Banking,Success,REF-2834756E
TXN000097,ACC010000036,CUST00037,Kotak Bank,2024-11-04,NEFT,Salary,38104.47,748589.35,Mobile App,Failed,REF-A5A09CEA
TXN000098,ACC010000033,CUST00034,HDFC Bank,2023-08-09,Debit,Entertainment,35769.66,725917.47,ATM,Failed,REF-662C7248
TXN000099,ACC010000020,CUST00021,HDFC Bank,2024-08-04,Debit,Food & Dining,56661.45,751288.62,UPI,Success,REF-C77C7448
TXN000100,ACC010000043,CUST00044,SBI,2023-03-25,ATM Withdrawal,Fuel,25886.16,342110.42,Branch,Success,REF-69ED3B48
TXN000101,ACC010000017,CUST00018,SBI,2023-08-09,ATM Withdrawal,Shopping,71731.85,178060.16,ATM,Failed,REF-E145612A
TXN000102,ACC010000043,CUST00044,SBI,2024-08-30,Credit,Utilities,46255.78,342318.17,Branch,Pending,REF-75A1B273
TXN000103,ACC010000003,CUST00004,ICICI Bank,2023-01-08,IMPS,Food & Dining,19459.98,381309.47,ATM,Success,REF-C22133BD
TXN000104,ACC010000020,CUST00021,HDFC Bank,2023-05-03,Debit,Food & Dining,783.95,745835.49,Branch,Pending,REF-4396B207
TXN000105,ACC010000045,CUST00046,Kotak Bank,2023-08-24,IMPS,Entertainment,47549.91,939821.64,Mobile App,Success,REF-71ACDAEF
TXN000106,ACC010000047,CUST00048,HDFC Bank,2023-02-13,Credit,Entertainment,41469.05,316426.71,UPI,Success,REF-047D67E8
TXN000107,ACC010000036,CUST00037,Kotak Bank,2024-02-19,Credit,Travel,67416.93,759622.12,Mobile App,Success,REF-C5E6BD3E
TXN000108,ACC010000010,CUST00011,Axis Bank,2024-09-24,Transfer,Shopping,43736.2,100130.96,Branch,Success,REF-D73D574D
TXN000109,ACC010000015,CUST00016,Axis Bank,2024-03-22,ATM Withdrawal,EMI,55963.33,1056686.44,POS Terminal,Success,REF-427B37C6
TXN000110,ACC010000014,CUST00015,ICICI Bank,2023-12-08,NEFT,Shopping,74027.24,1040687.87,UPI,Pending,REF-43C31A26
TXN000111,ACC010000012,CUST00013,Axis Bank,2023-12-24,NEFT,Food & Dining,33386.92,340243.43,Net Banking,Success,REF-9461404A
TXN000112,ACC010000009,CUST00010,HDFC Bank,2023-09-20,IMPS,Shopping,18780.96,1199431.22,Net Banking,Failed,REF-CCA16027
TXN000113,ACC010000031,CUST00032,SBI,2024-04-20,ATM Withdrawal,Fuel,71684.63,676497.34,POS Terminal,Failed,REF-043BF5A9
TXN000114,ACC010000039,CUST00040,HDFC Bank,2023-11-27,Debit,Healthcare,82110.24,1091965.81,Mobile App,Success,REF-60347AC2
TXN000115,ACC010000028,CUST00029,Kotak Bank,2024-10-08,Credit,Entertainment,28802.8,156464.83,UPI,Success,REF-1F7028AD
TXN000116,ACC010000019,CUST00020,ICICI Bank,2024-04-17,IMPS,EMI,42959.22,828005.81,Mobile App,Failed,REF-4EFB093B
TXN000117,ACC010000005,CUST00006,Axis Bank,2024-09-21,UPI Payment,Investment,56457.88,898857.37,POS Terminal,Success,REF-986777E0
TXN000118,ACC010000028,CUST00029,Kotak Bank,2024-08-08,ATM Withdrawal,Investment,61941.97,158338.95,Net Banking,Success,REF-A6F4BBD6
TXN000119,ACC010000028,CUST00029,Kotak Bank,2023-04-16,NEFT,Shopping,77051.3,178972.97,UPI,Failed,REF-40CD7350
TXN000120,ACC010000011,CUST00012,HDFC Bank,2023-02-10,ATM Withdrawal,Investment,23573.27,257229.73,UPI,Pending,REF-1650D7F9
TXN000121,ACC010000010,CUST00011,Axis Bank,2024-01-08,ATM Withdrawal,Entertainment,35452.3,83862.3,POS Terminal,Pending,REF-D9444EAD
TXN000122,ACC010000003,CUST00004,ICICI Bank,2024-10-08,Credit,Investment,61511.64,346132.98,POS Terminal,Success,REF-4CED7A60
TXN000123,ACC010000018,CUST00019,ICICI Bank,2023-09-16,UPI Payment,Food & Dining,68768.51,1007587.78,ATM,Success,REF-9230CE01
TXN000124,ACC010000037,CUST00038,SBI,2024-11-10,NEFT,Travel,13478.62,314453.59,Net Banking,Pending,REF-8F4B2D7C
TXN000125,ACC010000045,CUST00046,Kotak Bank,2023-03-28,IMPS,Entertainment,29444.8,921554.64,Net Banking,Failed,REF-3883F27E
TXN000126,ACC010000044,CUST00045,Axis Bank,2024-12-02,NEFT,Travel,86686.94,-7024.78,UPI,Success,REF-F746C816
TXN000127,ACC010000001,CUST00002,Axis Bank,2024-01-07,Transfer,Healthcare,29376.83,496010.86,Net Banking,Success,REF-250BCDA0
TXN000128,ACC010000008,CUST00009,ICICI Bank,2023-06-08,Credit,Investment,7376.82,1211930.2,UPI,Failed,REF-6358C59D
TXN000129,ACC010000033,CUST00034,HDFC Bank,2023-02-08,UPI Payment,Food & Dining,62900.18,742827.35,UPI,Success,REF-21FFF181
TXN000130,ACC010000009,CUST00010,HDFC Bank,2023-06-16,UPI Payment,Food & Dining,17221.32,1203049.09,POS Terminal,Success,REF-7178AAD9
TXN000131,ACC010000002,CUST00003,HDFC Bank,2024-02-25,ATM Withdrawal,Fuel,34640.23,816453.25,ATM,Failed,REF-B6553A27
TXN000132,ACC010000028,CUST00029,Kotak Bank,2023-08-28,IMPS,Healthcare,50754.36,157856.6,Net Banking,Success,REF-3FF782CB
TXN000133,ACC010000043,CUST00044,SBI,2024-08-07,Transfer,Travel,93522.56,334100.07,UPI,Pending,REF-9CC926DB
TXN000134,ACC010000026,CUST00027,SBI,2023-06-15,Debit,EMI,77613.82,809799.88,Mobile App,Failed,REF-7B2D84CB
TXN000135,ACC010000030,CUST00031,Kotak Bank,2024-01-16,IMPS,Investment,52703.64,117011.58,Mobile App,Success,REF-EF3B3F1B
TXN000136,ACC010000005,CUST00006,Axis Bank,2023-06-14,Debit,Travel,25951.53,919690.32,Mobile App,Success,REF-7F8436E6
TXN000137,ACC010000028,CUST00029,Kotak Bank,2023-12-24,ATM Withdrawal,Investment,88398.31,162073.76,ATM,Success,REF-22C20111
TXN000138,ACC010000024,CUST00025,SBI,2023-03-25,Credit,Entertainment,35647.96,962566.94,Net Banking,Success,REF-79DC8F7C
TXN000139,ACC010000002,CUST00003,HDFC Bank,2023-10-21,IMPS,Food & Dining,87156.77,806568.02,POS Terminal,Success,REF-54124478
TXN000140,ACC010000028,CUST00029,Kotak Bank,2024-09-22,Transfer,Utilities,548.6,148646.91,Net Banking,Pending,REF-8B7EFD76
TXN000141,ACC010000046,CUST00047,Kotak Bank,2024-09-15,Transfer,Utilities,50161.9,750797.96,ATM,Success,REF-AC461A4A
TXN000142,ACC010000003,CUST00004,ICICI Bank,2023-09-02,ATM Withdrawal,Shopping,39912.44,375252.47,Mobile App,Success,REF-9BBF6B8F
TXN000143,ACC010000038,CUST00039,HDFC Bank,2024-07-02,Debit,Food & Dining,1610.54,589410.59,ATM,Success,REF-F8580192
TXN000144,ACC010000000,CUST00001,ICICI Bank,2024-09-21,Debit,Shopping,33549.88,293056.26,UPI,Success,REF-7919A527
TXN000145,ACC010000004,CUST00005,SBI,2024-06-22,UPI Payment,Investment,51710.58,394288.24,Mobile App,Success,REF-D7B1CD61
TXN000146,ACC010000030,CUST00031,Kotak Bank,2023-02-14,Transfer,Salary,60406.94,152149.57,ATM,Success,REF-A4CDC4C0
TXN000147,ACC010000022,CUST00023,Axis Bank,2023-09-04,IMPS,Fuel,69642.75,791631.98,POS Terminal,Success,REF-A226E967
TXN000148,ACC010000008,CUST00009,ICICI Bank,2023-02-15,NEFT,Food & Dining,33500.79,1191694.95,POS Terminal,Success,REF-B4FCD041
TXN000149,ACC010000044,CUST00045,Axis Bank,2024-05-05,Credit,Healthcare,60033.32,21697.01,Mobile App,Success,REF-8BCA84D0
TXN000150,ACC010000012,CUST00013,Axis Bank,2023-02-14,Transfer,EMI,75165.82,337346.12,UPI,Success,REF-3F9A670E
TXN000151,ACC010000034,CUST00035,SBI,2024-04-29,Debit,EMI,24102.14,872678.2,ATM,Success,REF-DF2FB74D
TXN000152,ACC010000041,CUST00042,Axis Bank,2023-12-06,ATM Withdrawal,Travel,25991.92,127270.37,POS Terminal,Success,REF-C3D23DAA
TXN000153,ACC010000024,CUST00025,SBI,2023-12-14,ATM Withdrawal,Entertainment,92505.05,981287.57,UPI,Success,REF-6ED5F31C
TXN000154,ACC010000005,CUST00006,Axis Bank,2024-03-10,IMPS,Food & Dining,7544.12,907576.2,UPI,Success,REF-CEBB33BE
TXN000155,ACC010000020,CUST00021,HDFC Bank,2023-04-16,Transfer,Healthcare,7652.54,742391.7,UPI,Failed,REF-0F2D9E55
TXN000156,ACC010000027,CUST00028,SBI,2023-06-20,Credit,Entertainment,65543.17,1121083.23,UPI,Success,REF-18525E82
TXN000157,ACC010000017,CUST00018,SBI,2024-10-16,Credit,Travel,93103.59,211423.64,ATM,Pending,REF-B8C17F04
TXN000158,ACC010000047,CUST00048,HDFC Bank,2024-11-26,IMPS,Fuel,15240.74,299282.16,POS Terminal,Success,REF-526BEBD0
TXN000159,ACC010000002,CUST00003,HDFC Bank,2023-05-10,Transfer,Entertainment,6433.81,818810.43,Branch,Pending,REF-26128205
TXN000160,ACC010000002,CUST00003,HDFC Bank,2024-09-11,Transfer,Entertainment,14618.95,805666.72,Branch,Success,REF-9677B038
TXN000161,ACC010000036,CUST00037,Kotak Bank,2023-05-21,NEFT,EMI,50322.22,758835.72,Net Banking,Success,REF-26B2FDF1
TXN000162,ACC010000001,CUST00002,Axis Bank,2023-07-10,UPI Payment,Shopping,47434.22,473443.59,ATM,Success,REF-92B82BC4
TXN000163,ACC010000045,CUST00046,Kotak Bank,2024-04-01,NEFT,Healthcare,20423.46,930962.56,Net Banking,Success,REF-ED4E257E
TXN000164,ACC010000008,CUST00009,ICICI Bank,2023-03-17,ATM Withdrawal,Shopping,42971.45,1214100.22,POS Terminal,Success,REF-DBAEF336
TXN000165,ACC010000042,CUST00043,SBI,2023-12-22,Transfer,EMI,67420.87,513172.94,Net Banking,Failed,REF-BFEA93A6
TXN000166,ACC010000045,CUST00046,Kotak Bank,2024-12-18,UPI Payment,Utilities,60599.62,938235.33,Mobile App,Success,REF-E81E8F17
TXN000167,ACC010000008,CUST00009,ICICI Bank,2023-08-31,UPI Payment,Fuel,75095.92,1179204.42,ATM,Success,REF-4E132270
TXN000168,ACC010000035,CUST00036,ICICI Bank,2023-05-13,Transfer,Travel,58154.5,231747.41,POS Terminal,Failed,REF-18ACB683
TXN000169,ACC010000030,CUST00031,Kotak Bank,2024-06-22,UPI Payment,Shopping,39055.0,129285.33,Net Banking,Success,REF-3554A3BB
TXN000170,ACC010000041,CUST00042,Axis Bank,2023-03-17,Transfer,Food & Dining,42775.08,122501.03,UPI,Failed,REF-20527EF1
TXN000171,ACC010000037,CUST00038,SBI,2023-07-06,UPI Payment,Salary,72950.87,305622.08,Mobile App,Pending,REF-E1893E6B
TXN000172,ACC010000009,CUST00010,HDFC Bank,2023-11-08,NEFT,Utilities,15684.19,1188241.69,ATM,Pending,REF-DEE9C04F
TXN000173,ACC010000018,CUST00019,ICICI Bank,2023-03-22,UPI Payment,EMI,23844.97,1006727.5,Net Banking,Failed,REF-AC691300
TXN000174,ACC010000019,CUST00020,ICICI Bank,2024-09-21,Debit,Fuel,50703.74,845833.14,UPI,Success,REF-1A91F004
TXN000175,ACC010000010,CUST00011,Axis Bank,2024-11-05,Transfer,Fuel,59344.3,108626.6,Mobile App,Success,REF-A7778712
TXN000176,ACC010000005,CUST00006,Axis Bank,2023-02-16,Transfer,Utilities,90114.52,914318.96,UPI,Success,REF-291A74BA
TXN000177,ACC010000039,CUST00040,HDFC Bank,2024-10-16,UPI Payment,EMI,2925.65,1102436.99,POS Terminal,Success,REF-CD7268E7
TXN000178,ACC010000030,CUST00031,Kotak Bank,2023-09-08,Transfer,Healthcare,76455.14,140307.62,Mobile App,Failed,REF-C6A99CF1
TXN000179,ACC010000003,CUST00004,ICICI Bank,2023-06-11,Debit,Entertainment,41790.54,362866.56,UPI,Success,REF-47336706
TXN000180,ACC010000020,CUST00021,HDFC Bank,2023-11-23,ATM Withdrawal,Food & Dining,69762.27,750386.02,ATM,Pending,REF-A3068647
TXN000181,ACC010000035,CUST00036,ICICI Bank,2023-04-19,Transfer,Healthcare,30350.05,246957.69,Net Banking,Success,REF-E6C8D23B
TXN000182,ACC010000006,CUST00007,ICICI Bank,2023-02-21,UPI Payment,Travel,27605.63,87055.01,Net Banking,Success,REF-D9B94128
TXN000183,ACC010000020,CUST00021,HDFC Bank,2024-08-14,Debit,Healthcare,68521.14,723548.29,UPI,Success,REF-FC0057D9
TXN000184,ACC010000031,CUST00032,SBI,2023-11-12,ATM Withdrawal,Investment,47275.31,649704.21,Branch,Success,REF-241836DF
TXN000185,ACC010000013,CUST00014,ICICI Bank,2024-08-20,ATM Withdrawal,Fuel,33557.39,1102266.58,POS Terminal,Failed,REF-73AA4674
TXN000186,ACC010000030,CUST00031,Kotak Bank,2023-10-20,ATM Withdrawal,Food & Dining,51008.79,146794.88,ATM,Failed,REF-C861A263
TXN000187,ACC010000023,CUST00024,SBI,2024-02-17,UPI Payment,Investment,34795.75,10371.87,Net Banking,Success,REF-A7ACDDC9
TXN000188,ACC010000035,CUST00036,ICICI Bank,2023-10-23,IMPS,Investment,7031.84,248469.01,ATM,Pending,REF-14408F81
TXN000189,ACC010000043,CUST00044,SBI,2024-09-17,ATM Withdrawal,Entertainment,11331.11,354636.18,ATM,Pending,REF-35518D45
TXN000190,ACC010000023,CUST00024,SBI,2023-05-28,UPI Payment,Salary,18950.55,14713.51,Mobile App,Success,REF-79BC4DD1
TXN000191,ACC010000008,CUST00009,ICICI Bank,2024-12-31,ATM Withdrawal,Food & Dining,31672.21,1197102.83,UPI,Pending,REF-5544CDBE
TXN000192,ACC010000008,CUST00009,ICICI Bank,2023-12-02,ATM Withdrawal,Fuel,88483.46,1190894.26,POS Terminal,Success,REF-B692D78D
TXN000193,ACC010000037,CUST00038,SBI,2023-12-11,ATM Withdrawal,Fuel,48219.56,320849.32,ATM,Success,REF-D6E41D8C
TXN000194,ACC010000001,CUST00002,Axis Bank,2024-01-13,ATM Withdrawal,Fuel,31501.2,462348.27,ATM,Failed,REF-95CF98E2
TXN000195,ACC010000044,CUST00045,Axis Bank,2024-10-06,NEFT,Fuel,2580.15,8220.71,UPI,Success,REF-3044BAC7
TXN000196,ACC010000046,CUST00047,Kotak Bank,2023-02-22,NEFT,Fuel,55455.54,753170.97,Branch,Success,REF-CF8EB1D8
TXN000197,ACC010000043,CUST00044,SBI,2023-09-06,Credit,Utilities,3047.62,353561.08,Mobile App,Success,REF-EED7832F
TXN000198,ACC010000020,CUST00021,HDFC Bank,2024-03-04,ATM Withdrawal,Investment,14428.4,743574.94,UPI,Success,REF-4B5E738C
TXN000199,ACC010000047,CUST00048,HDFC Bank,2023-03-05,UPI Payment,Entertainment,67063.36,318783.87,POS Terminal,Success,REF-B8918042
TXN000200,ACC010000033,CUST00034,HDFC Bank,2024-01-21,UPI Payment,Entertainment,29840.81,714698.94,UPI,Success,REF-3137B5AA
TXN000201,ACC010000043,CUST00044,SBI,2024-11-28,UPI Payment,Healthcare,61132.2,343365.4,Net Banking,Success,REF-27A1C57A
TXN000202,ACC010000017,CUST00018,SBI,2024-07-25,Transfer,EMI,28392.5,211166.88,POS Terminal,Success,REF-11354289
TXN000203,ACC010000044,CUST00045,Axis Bank,2024-12-22,UPI Payment,EMI,46480.84,8429.24,ATM,Success,REF-4E3B2E2A
TXN000204,ACC010000036,CUST00037,Kotak Bank,2024-11-23,ATM Withdrawal,Entertainment,51625.97,778744.78,Net Banking,Success,REF-063FC8AB
TXN000205,ACC010000002,CUST00003,HDFC Bank,2023-10-22,ATM Withdrawal,EMI,90757.04,790831.0,POS Terminal,Success,REF-E23EAA58
TXN000206,ACC010000013,CUST00014,ICICI Bank,2023-07-26,UPI Payment,EMI,78664.01,1111090.27,Net Banking,Success,REF-180EA221
TXN000207,ACC010000039,CUST00040,HDFC Bank,2024-08-23,UPI Payment,Utilities,22769.83,1068907.73,POS Terminal,Success,REF-5AB27904
TXN000208,ACC010000003,CUST00004,ICICI Bank,2023-04-13,Credit,Food & Dining,39292.96,372190.83,Mobile App,Pending,REF-E5C43003
TXN000209,ACC010000010,CUST00011,Axis Bank,2024-02-21,ATM Withdrawal,Healthcare,62042.17,107772.46,POS Terminal,Success,REF-34147D2B
TXN000210,ACC010000048,CUST00049,Axis Bank,2023-10-22,IMPS,Shopping,30544.87,896606.86,POS Terminal,Pending,REF-CC100D6A
TXN000211,ACC010000014,CUST00015,ICICI Bank,2024-07-01,Credit,Food & Dining,70188.29,1071646.01,Branch,Success,REF-CA7D3C23
TXN000212,ACC010000002,CUST00003,HDFC Bank,2024-02-11,NEFT,EMI,74866.86,795122.29,Mobile App,Success,REF-60D3087E
TXN000213,ACC010000019,CUST00020,ICICI Bank,2024-08-04,Transfer,EMI,57284.24,862868.4,Branch,Failed,REF-09307537
TXN000214,ACC010000034,CUST00035,SBI,2024-06-20,IMPS,Investment,46946.98,880088.98,Branch,Success,REF-B1FD9FDE
TXN000215,ACC010000012,CUST00013,Axis Bank,2023-04-26,NEFT,EMI,31448.45,331159.27,POS Terminal,Success,REF-97B8CF53
TXN000216,ACC010000000,CUST00001,ICICI Bank,2023-12-12,IMPS,Utilities,75133.39,292940.96,Net Banking,Pending,REF-A4F45BFB
TXN000217,ACC010000040,CUST00041,Kotak Bank,2024-02-20,Credit,Travel,78572.68,1016705.17,POS Terminal,Success,REF-56950F0A
TXN000218,ACC010000011,CUST00012,HDFC Bank,2023-05-24,Credit,EMI,45384.27,277152.42,Branch,Success,REF-98737A2B
TXN000219,ACC010000028,CUST00029,Kotak Bank,2023-10-01,NEFT,Fuel,90635.61,157555.71,Mobile App,Success,REF-3E920723
TXN000220,ACC010000041,CUST00042,Axis Bank,2024-01-04,Credit,Healthcare,65828.38,97781.64,ATM,Success,REF-DD0EFAAD
TXN000221,ACC010000025,CUST00026,HDFC Bank,2024-12-03,NEFT,EMI,47764.32,378562.34,POS Terminal,Success,REF-CAEB3278
TXN000222,ACC010000040,CUST00041,Kotak Bank,2023-10-30,Debit,Healthcare,34948.29,1004927.91,Net Banking,Success,REF-820E6D80
TXN000223,ACC010000047,CUST00048,HDFC Bank,2024-09-12,ATM Withdrawal,Investment,35525.68,326114.17,POS Terminal,Success,REF-CE3B77A5
TXN000224,ACC010000048,CUST00049,Axis Bank,2023-09-11,IMPS,Shopping,64648.47,894603.52,UPI,Success,REF-5ECD96DA
TXN000225,ACC010000033,CUST00034,HDFC Bank,2024-12-21,Credit,Salary,34401.47,744461.43,UPI,Pending,REF-BCCDBC06
TXN000226,ACC010000012,CUST00013,Axis Bank,2024-08-09,IMPS,Investment,51005.88,308495.99,Branch,Success,REF-57761B1A
TXN000227,ACC010000043,CUST00044,SBI,2023-07-30,UPI Payment,Healthcare,68121.36,335185.99,Mobile App,Success,REF-413DE41A
TXN000228,ACC010000008,CUST00009,ICICI Bank,2024-06-09,UPI Payment,Healthcare,39494.56,1200709.51,POS Terminal,Success,REF-F5751A82
TXN000229,ACC010000046,CUST00047,Kotak Bank,2023-01-23,NEFT,Utilities,37645.33,779008.62,UPI,Success,REF-1C7C845D
TXN000230,ACC010000002,CUST00003,HDFC Bank,2024-03-09,Credit,Shopping,32763.02,790220.22,Branch,Success,REF-140F8AAD
TXN000231,ACC010000018,CUST00019,ICICI Bank,2024-02-23,NEFT,Travel,17139.23,986742.37,ATM,Success,REF-5ECD95B4
TXN000232,ACC010000028,CUST00029,Kotak Bank,2024-01-22,NEFT,Investment,35717.54,172787.09,Net Banking,Failed,REF-4719E351
TXN000233,ACC010000022,CUST00023,Axis Bank,2023-05-02,UPI Payment,Food & Dining,16996.07,787992.04,POS Terminal,Success,REF-31423028
TXN000234,ACC010000000,CUST00001,ICICI Bank,2023-01-24,NEFT,Investment,92957.69,288749.87,Branch,Pending,REF-3E2C4073
TXN000235,ACC010000024,CUST00025,SBI,2023-08-24,Transfer,Utilities,23551.27,975285.83,POS Terminal,Success,REF-0DDB5B65
TXN000236,ACC010000002,CUST00003,HDFC Bank,2024-11-07,Credit,Utilities,39856.89,818311.96,Net Banking,Success,REF-DFAC6437
TXN000237,ACC010000006,CUST00007,ICICI Bank,2024-08-31,NEFT,Salary,3238.07,95600.42,Net Banking,Failed,REF-BFC919D6
TXN000238,ACC010000002,CUST00003,HDFC Bank,2024-02-16,IMPS,Salary,41729.52,809260.21,Net Banking,Pending,REF-9867CEBB
TXN000239,ACC010000018,CUST00019,ICICI Bank,2023-08-28,Transfer,Fuel,77508.91,1010585.92,UPI,Failed,REF-21BF3F01
TXN000240,ACC010000020,CUST00021,HDFC Bank,2023-08-31,NEFT,Investment,28702.53,721685.35,Net Banking,Success,REF-395AA166
TXN000241,ACC010000019,CUST00020,ICICI Bank,2023-10-09,NEFT,Food & Dining,5837.93,863671.02,POS Terminal,Failed,REF-1A1CA74B
TXN000242,ACC010000027,CUST00028,SBI,2024-07-23,NEFT,Travel,47109.19,1145912.96,UPI,Success,REF-F17C1F77
TXN000243,ACC010000044,CUST00045,Axis Bank,2024-03-02,Debit,Investment,38814.21,1232.64,Branch,Success,REF-931A8893
TXN000244,ACC010000014,CUST00015,ICICI Bank,2023-11-04,ATM Withdrawal,Salary,81473.54,1043406.76,UPI,Success,REF-969946D7
TXN000245,ACC010000026,CUST00027,SBI,2024-07-24,Transfer,Utilities,50372.72,793286.27,ATM,Failed,REF-6E5452C8
TXN000246,ACC010000005,CUST00006,Axis Bank,2024-04-05,NEFT,Utilities,80485.31,887176.63,Mobile App,Success,REF-C51424E7
TXN000247,ACC010000024,CUST00025,SBI,2024-11-20,Credit,Utilities,57491.85,963021.34,UPI,Failed,REF-CBBB8277
TXN000248,ACC010000042,CUST00043,SBI,2024-07-26,Transfer,EMI,20655.72,499528.61,Mobile App,Success,REF-5D5097F6
TXN000249,ACC010000012,CUST00013,Axis Bank,2023-05-01,Debit,Fuel,70966.18,332087.73,POS Terminal,Success,REF-BEEC1546
TXN000250,ACC010000025,CUST00026,HDFC Bank,2023-09-03,ATM Withdrawal,Healthcare,52469.93,373778.17,UPI,Failed,REF-394E42A1
TXN000251,ACC010000022,CUST00023,Axis Bank,2023-11-12,ATM Withdrawal,Healthcare,24885.28,787014.36,Mobile App,Failed,REF-E8D8E7DD
TXN000252,ACC010000030,CUST00031,Kotak Bank,2023-11-24,ATM Withdrawal,Salary,86865.68,127736.19,UPI,Success,REF-0DE6D97A
TXN000253,ACC010000047,CUST00048,HDFC Bank,2023-05-30,UPI Payment,Fuel,1590.08,320169.0,POS Terminal,Success,REF-9D3B40F3
TXN000254,ACC010000018,CUST00019,ICICI Bank,2023-06-06,UPI Payment,Utilities,18678.41,990525.97,Branch,Pending,REF-B636F48F
TXN000255,ACC010000041,CUST00042,Axis Bank,2024-12-02,ATM Withdrawal,Healthcare,32101.73,125831.1,Branch,Success,REF-C19F645C
TXN000256,ACC010000046,CUST00047,Kotak Bank,2023-12-27,ATM Withdrawal,Food & Dining,16121.78,775163.03,UPI,Failed,REF-910E4550
TXN000257,ACC010000003,CUST00004,ICICI Bank,2024-06-20,IMPS,Salary,3261.57,377364.41,Mobile App,Success,REF-4782A593
TXN000258,ACC010000008,CUST00009,ICICI Bank,2024-10-07,Credit,Utilities,22024.6,1206439.84,UPI,Success,REF-DED612AC
TXN000259,ACC010000023,CUST00024,SBI,2023-03-03,UPI Payment,Healthcare,58713.46,21018.8,POS Terminal,Success,REF-11732651
TXN000260,ACC010000001,CUST00002,Axis Bank,2023-01-07,Credit,Investment,50583.58,474417.63,POS Terminal,Success,REF-877704FE
TXN000261,ACC010000034,CUST00035,SBI,2023-10-21,NEFT,Travel,1677.69,875072.85,Net Banking,Success,REF-F679DC1A
TXN000262,ACC010000006,CUST00007,ICICI Bank,2024-06-20,UPI Payment,EMI,14187.82,79366.3,ATM,Success,REF-182D81BD
TXN000263,ACC010000025,CUST00026,HDFC Bank,2023-03-22,UPI Payment,Utilities,35471.25,358998.71,POS Terminal,Success,REF-1A7BEED0
TXN000264,ACC010000019,CUST00020,ICICI Bank,2024-12-01,IMPS,Salary,78674.49,828954.89,Mobile App,Success,REF-5135B8F5
TXN000265,ACC010000024,CUST00025,SBI,2024-01-22,Credit,Food & Dining,52529.0,963684.04,Mobile App,Success,REF-5A1B43DF
TXN000266,ACC010000027,CUST00028,SBI,2024-10-22,IMPS,Shopping,74526.53,1129655.62,UPI,Success,REF-86799A6A
TXN000267,ACC010000014,CUST00015,ICICI Bank,2023-08-05,UPI Payment,Healthcare,85625.87,1065324.2,ATM,Success,REF-6418E445
TXN000268,ACC010000004,CUST00005,SBI,2024-12-01,UPI Payment,Salary,87934.28,398804.22,Net Banking,Success,REF-BBA64895
TXN000269,ACC010000001,CUST00002,Axis Bank,2023-08-01,NEFT,Travel,55789.08,488054.27,Mobile App,Success,REF-27E6C122
TXN000270,ACC010000010,CUST00011,Axis Bank,2024-07-31,ATM Withdrawal,Investment,22882.83,105932.58,ATM,Success,REF-5067F9F6
TXN000271,ACC010000048,CUST00049,Axis Bank,2023-05-24,Credit,Investment,75107.79,898343.36,POS Terminal,Success,REF-20A39C89
TXN000272,ACC010000003,CUST00004,ICICI Bank,2023-04-11,Transfer,Fuel,41551.53,377043.5,UPI,Pending,REF-08F606A5
TXN000273,ACC010000025,CUST00026,HDFC Bank,2023-12-01,ATM Withdrawal,Healthcare,2862.96,353690.69,Net Banking,Success,REF-9D575340
TXN000274,ACC010000035,CUST00036,ICICI Bank,2024-01-20,NEFT,Travel,41053.96,255486.58,Mobile App,Pending,REF-C44CD920
TXN000275,ACC010000018,CUST00019,ICICI Bank,2023-09-10,Debit,Travel,67759.66,984606.74,POS Terminal,Failed,REF-69C3B432
TXN000276,ACC010000009,CUST00010,HDFC Bank,2024-02-03,Credit,EMI,30118.6,1179597.3,Branch,Success,REF-A7BE242A
TXN000277,ACC010000048,CUST00049,Axis Bank,2023-10-04,ATM Withdrawal,Healthcare,9756.87,874262.83,UPI,Pending,REF-548A2388
TXN000278,ACC010000032,CUST00033,HDFC Bank,2024-02-22,UPI Payment,Shopping,9857.66,314040.86,UPI,Pending,REF-1EA1A5C8
TXN000279,ACC010000020,CUST00021,HDFC Bank,2024-01-30,IMPS,Shopping,1221.74,732507.33,POS Terminal,Pending,REF-D43FB3DC
TXN000280,ACC010000015,CUST00016,Axis Bank,2024-08-08,Debit,Food & Dining,49528.88,1063140.58,ATM,Success,REF-BC9A8ADE
TXN000281,ACC010000017,CUST00018,SBI,2024-05-19,Transfer,Travel,13906.51,180195.76,ATM,Success,REF-E1A82FC9
TXN000282,ACC010000004,CUST00005,SBI,2024-01-05,NEFT,Healthcare,23948.89,372695.35,UPI,Pending,REF-0B131C07
TXN000283,ACC010000012,CUST00013,Axis Bank,2024-04-13,ATM Withdrawal,Entertainment,10207.03,314100.82,UPI,Success,REF-607A3ED6
TXN000284,ACC010000021,CUST00022,ICICI Bank,2024-03-26,IMPS,Fuel,31833.2,1197362.53,Net Banking,Success,REF-798CC911
TXN000285,ACC010000020,CUST00021,HDFC Bank,2024-09-09,Transfer,Food & Dining,89994.13,723988.99,Branch,Success,REF-24F28740
TXN000286,ACC010000018,CUST00019,ICICI Bank,2024-12-12,IMPS,Utilities,60144.09,1020035.74,ATM,Success,REF-2EB578CC
TXN000287,ACC010000017,CUST00018,SBI,2024-02-07,Debit,Fuel,34708.23,210790.15,UPI,Success,REF-C5442279
TXN000288,ACC010000043,CUST00044,SBI,2024-07-17,NEFT,Utilities,2605.68,344721.4,Branch,Success,REF-8F7BBF40
TXN000289,ACC010000044,CUST00045,Axis Bank,2023-03-12,ATM Withdrawal,Healthcare,77810.78,21063.37,Net Banking,Failed,REF-97E2B341
TXN000290,ACC010000019,CUST00020,ICICI Bank,2023-09-05,ATM Withdrawal,Travel,24042.13,831895.94,Mobile App,Success,REF-A9AA4E22
TXN000291,ACC010000038,CUST00039,HDFC Bank,2024-05-05,IMPS,Travel,55334.07,590170.26,UPI,Success,REF-78F58181
TXN000292,ACC010000023,CUST00024,SBI,2024-12-19,NEFT,Shopping,85077.87,15824.85,Mobile App,Success,REF-4FA2D9CC
TXN000293,ACC010000042,CUST00043,SBI,2024-11-11,Credit,Fuel,33758.09,517053.04,POS Terminal,Failed,REF-59AFB126
TXN000294,ACC010000041,CUST00042,Axis Bank,2024-02-14,IMPS,Travel,91848.72,108560.54,Mobile App,Success,REF-218910C1
TXN000295,ACC010000006,CUST00007,ICICI Bank,2023-09-22,UPI Payment,Fuel,21129.0,101563.14,POS Terminal,Pending,REF-D2EE8EEB
TXN000296,ACC010000014,CUST00015,ICICI Bank,2024-04-01,NEFT,Fuel,35572.65,1056155.22,POS Terminal,Pending,REF-408DEF6F
TXN000297,ACC010000009,CUST00010,HDFC Bank,2023-12-20,Transfer,Travel,94781.87,1194646.1,Mobile App,Success,REF-B4AC153A
TXN000298,ACC010000046,CUST00047,Kotak Bank,2023-05-26,IMPS,Utilities,33123.81,760073.16,UPI,Success,REF-447E0846
TXN000299,ACC010000022,CUST00023,Axis Bank,2024-05-02,ATM Withdrawal,Entertainment,9319.31,795381.46,Mobile App,Success,REF-A34E6FDB
TXN000300,ACC010000002,CUST00003,HDFC Bank,2024-12-28,NEFT,Shopping,10977.35,821637.02,POS Terminal,Success,REF-4C8A59C3
TXN000301,ACC010000047,CUST00048,HDFC Bank,2023-09-07,Transfer,Investment,49043.62,320112.95,Branch,Success,REF-BAE217D3
TXN000302,ACC010000014,CUST00015,ICICI Bank,2024-02-19,NEFT,Travel,59845.74,1045088.17,Branch,Success,REF-4FFD8AF2
TXN000303,ACC010000047,CUST00048,HDFC Bank,2024-09-20,ATM Withdrawal,Travel,83900.1,316019.54,Mobile App,Failed,REF-5481195A
TXN000304,ACC010000013,CUST00014,ICICI Bank,2023-07-30,IMPS,Shopping,26478.84,1128395.35,UPI,Success,REF-CBAB6DF4
TXN000305,ACC010000034,CUST00035,SBI,2023-07-11,Credit,EMI,34782.05,850429.53,POS Terminal,Success,REF-A2501B7E
TXN000306,ACC010000033,CUST00034,HDFC Bank,2024-10-16,ATM Withdrawal,Fuel,29807.72,723317.21,Mobile App,Success,REF-9EA48481
TXN000307,ACC010000022,CUST00023,Axis Bank,2024-04-13,NEFT,EMI,58668.59,799051.23,UPI,Pending,REF-925955E8
TXN000308,ACC010000005,CUST00006,Axis Bank,2024-11-19,Transfer,Shopping,12768.34,888192.54,Net Banking,Success,REF-BF3F482D
TXN000309,ACC010000044,CUST00045,Axis Bank,2023-05-25,Debit,Fuel,48552.82,5966.66,Branch,Success,REF-86E52084
TXN000310,ACC010000011,CUST00012,HDFC Bank,2024-05-13,NEFT,Food & Dining,60390.88,267456.72,UPI,Success,REF-FDE46844
TXN000311,ACC010000031,CUST00032,SBI,2023-10-23,ATM Withdrawal,Fuel,13371.16,658685.45,Mobile App,Success,REF-03050A72
TXN000312,ACC010000000,CUST00001,ICICI Bank,2024-05-11,UPI Payment,Investment,13013.97,302838.35,POS Terminal,Success,REF-14C93ADA
TXN000313,ACC010000026,CUST00027,SBI,2024-12-02,ATM Withdrawal,Healthcare,46739.37,806155.2,Net Banking,Success,REF-D89508D0
TXN000314,ACC010000036,CUST00037,Kotak Bank,2023-02-01,Credit,EMI,75618.89,751735.54,Net Banking,Pending,REF-601B3700
TXN000315,ACC010000018,CUST00019,ICICI Bank,2023-06-22,IMPS,Healthcare,74181.28,1003951.24,UPI,Pending,REF-178C0DFA
TXN000316,ACC010000007,CUST00008,SBI,2024-08-09,IMPS,Entertainment,10893.92,563655.72,UPI,Success,REF-648108EB
TXN000317,ACC010000048,CUST00049,Axis Bank,2024-03-27,Credit,Utilities,51926.24,910361.97,ATM,Success,REF-5B03F847
TXN000318,ACC010000028,CUST00029,Kotak Bank,2023-09-27,ATM Withdrawal,Shopping,33147.38,178147.02,Net Banking,Success,REF-E2690237
TXN000319,ACC010000047,CUST00048,HDFC Bank,2024-08-25,UPI Payment,Travel,65483.23,332478.49,Net Banking,Pending,REF-676BCCF3
TXN000320,ACC010000008,CUST00009,ICICI Bank,2023-07-31,UPI Payment,Entertainment,77294.66,1210370.68,UPI,Success,REF-1C6B82C6
TXN000321,ACC010000038,CUST00039,HDFC Bank,2024-07-05,Transfer,EMI,16037.43,607955.57,UPI,Success,REF-8129FE4C
TXN000322,ACC010000032,CUST00033,HDFC Bank,2024-11-26,IMPS,Travel,77451.43,315879.67,Mobile App,Success,REF-6988952C
TXN000323,ACC010000041,CUST00042,Axis Bank,2023-05-10,Debit,Entertainment,66650.45,100604.3,Net Banking,Failed,REF-52C2B421
TXN000324,ACC010000025,CUST00026,HDFC Bank,2024-05-16,NEFT,Travel,13549.2,368053.69,Branch,Success,REF-B100ECA2
TXN000325,ACC010000004,CUST00005,SBI,2024-10-10,ATM Withdrawal,Investment,75497.14,393587.12,POS Terminal,Success,REF-4FE46335
TXN000326,ACC010000044,CUST00045,Axis Bank,2024-01-13,UPI Payment,Salary,43223.35,8758.88,POS Terminal,Success,REF-D75CA179
TXN000327,ACC010000046,CUST00047,Kotak Bank,2024-04-14,IMPS,Shopping,60328.11,774242.05,UPI,Success,REF-5A14B413
TXN000328,ACC010000013,CUST00014,ICICI Bank,2024-03-15,Transfer,EMI,78369.28,1120033.56,ATM,Pending,REF-8B95F9D4
TXN000329,ACC010000036,CUST00037,Kotak Bank,2023-05-14,Transfer,Salary,53805.19,762327.88,Mobile App,Success,REF-5A35D1EE
TXN000330,ACC010000040,CUST00041,Kotak Bank,2024-04-15,Debit,Healthcare,1595.91,1033271.26,Branch,Success,REF-B43F092F
TXN000331,ACC010000027,CUST00028,SBI,2023-07-27,NEFT,EMI,94591.15,1143397.64,Net Banking,Success,REF-A52C5B3B
TXN000332,ACC010000005,CUST00006,Axis Bank,2024-11-01,NEFT,Food & Dining,34273.34,886774.89,Mobile App,Success,REF-2C42F0A4
TXN000333,ACC010000040,CUST00041,Kotak Bank,2023-11-09,ATM Withdrawal,Shopping,68982.6,1026303.23,POS Terminal,Success,REF-D5A361C4
TXN000334,ACC010000000,CUST00001,ICICI Bank,2023-08-07,Debit,Investment,45322.8,275537.7,POS Terminal,Success,REF-E78EE92B
TXN000335,ACC010000000,CUST00001,ICICI Bank,2023-01-09,IMPS,Travel,66096.95,302914.07,POS Terminal,Success,REF-8590170F
TXN000336,ACC010000030,CUST00031,Kotak Bank,2023-03-14,IMPS,Shopping,21788.51,116481.23,Mobile App,Success,REF-DA63B3C7
TXN000337,ACC010000023,CUST00024,SBI,2023-11-03,IMPS,Food & Dining,13070.43,25287.03,POS Terminal,Failed,REF-D1356A0A
TXN000338,ACC010000009,CUST00010,HDFC Bank,2023-03-12,NEFT,Food & Dining,50421.76,1175674.25,Branch,Success,REF-017F174F
TXN000339,ACC010000046,CUST00047,Kotak Bank,2023-08-07,ATM Withdrawal,Fuel,59686.2,752405.46,POS Terminal,Success,REF-EA50D783
TXN000340,ACC010000013,CUST00014,ICICI Bank,2023-03-30,Credit,Fuel,85181.5,1105845.49,POS Terminal,Success,REF-6F718E8B
TXN000341,ACC010000022,CUST00023,Axis Bank,2024-03-15,Transfer,Shopping,29912.12,772094.91,Net Banking,Pending,REF-BB6F050B
TXN000342,ACC010000038,CUST00039,HDFC Bank,2024-09-06,NEFT,Salary,68526.01,580192.39,POS Terminal,Success,REF-4D136017
TXN000343,ACC010000013,CUST00014,ICICI Bank,2024-06-14,ATM Withdrawal,EMI,57677.71,1107790.82,POS Terminal,Success,REF-45F01D5A
TXN000344,ACC010000015,CUST00016,Axis Bank,2024-05-21,NEFT,Fuel,36689.84,1045371.21,Mobile App,Pending,REF-AD2EEA45
TXN000345,ACC010000000,CUST00001,ICICI Bank,2024-01-05,IMPS,Fuel,88726.12,275509.03,Branch,Success,REF-1F8F61B3
TXN000346,ACC010000034,CUST00035,SBI,2024-11-30,IMPS,Shopping,16454.54,861387.15,Mobile App,Pending,REF-A0126793
TXN000347,ACC010000004,CUST00005,SBI,2023-01-15,Credit,Travel,24944.49,364424.82,UPI,Success,REF-2368DF69
TXN000348,ACC010000040,CUST00041,Kotak Bank,2024-12-30,NEFT,Travel,47624.6,1012711.22,Mobile App,Failed,REF-3460F5F2
TXN000349,ACC010000034,CUST00035,SBI,2024-07-04,Transfer,Shopping,58543.67,853645.27,UPI,Success,REF-8CF94363
TXN000350,ACC010000009,CUST00010,HDFC Bank,2024-07-03,IMPS,Shopping,31074.94,1198792.75,ATM,Failed,REF-20A58F8A
TXN000351,ACC010000027,CUST00028,SBI,2023-09-02,ATM Withdrawal,Shopping,5548.17,1110469.86,Branch,Pending,REF-310F798B
TXN000352,ACC010000038,CUST00039,HDFC Bank,2023-02-26,NEFT,Food & Dining,29417.09,598463.3,Mobile App,Success,REF-DE28D29C
TXN000353,ACC010000045,CUST00046,Kotak Bank,2023-05-21,Transfer,Investment,66657.39,913040.78,UPI,Failed,REF-3B9ED5F9
TXN000354,ACC010000016,CUST00017,SBI,2023-06-20,IMPS,EMI,35359.0,456575.93,POS Terminal,Success,REF-87044CEF
TXN000355,ACC010000049,CUST00050,Kotak Bank,2023-01-31,UPI Payment,Shopping,31859.3,661431.08,ATM,Failed,REF-7E937993
TXN000356,ACC010000036,CUST00037,Kotak Bank,2024-10-04,Transfer,Salary,7367.8,761122.27,Branch,Pending,REF-23A6179F
TXN000357,ACC010000010,CUST00011,Axis Bank,2024-01-12,UPI Payment,Shopping,14986.58,103479.72,Net Banking,Failed,REF-BA2E12A1
TXN000358,ACC010000032,CUST00033,HDFC Bank,2023-01-03,Debit,Salary,4231.4,344973.25,Branch,Success,REF-9BA1A74D
TXN000359,ACC010000024,CUST00025,SBI,2023-06-03,Credit,Investment,17042.34,999853.13,POS Terminal,Failed,REF-2DDEC485
TXN000360,ACC010000041,CUST00042,Axis Bank,2024-03-05,NEFT,Entertainment,21367.73,105227.2,ATM,Success,REF-6C71E881
TXN000361,ACC010000036,CUST00037,Kotak Bank,2024-01-17,Credit,Food & Dining,11387.12,769847.39,Net Banking,Pending,REF-A10D59DF
TXN000362,ACC010000002,CUST00003,HDFC Bank,2024-02-15,Transfer,EMI,6594.57,806273.59,ATM,Success,REF-A6E3D6A6
TXN000363,ACC010000035,CUST00036,ICICI Bank,2024-04-12,UPI Payment,EMI,806.67,236325.64,POS Terminal,Pending,REF-16CA2FDB
TXN000364,ACC010000015,CUST00016,Axis Bank,2024-04-20,IMPS,Utilities,35017.58,1074602.25,POS Terminal,Pending,REF-5D344424
TXN000365,ACC010000048,CUST00049,Axis Bank,2023-09-09,Credit,Utilities,14346.28,908066.84,UPI,Success,REF-7D92846E
TXN000366,ACC010000040,CUST00041,Kotak Bank,2024-12-11,Credit,Travel,83340.01,1034133.55,POS Terminal,Failed,REF-DD757F10
TXN000367,ACC010000019,CUST00020,ICICI Bank,2023-04-17,ATM Withdrawal,Healthcare,19533.21,865054.84,Mobile App,Success,REF-243677CC
TXN000368,ACC010000045,CUST00046,Kotak Bank,2023-10-14,IMPS,Investment,8882.88,943338.45,Branch,Failed,REF-060A236C
TXN000369,ACC010000023,CUST00024,SBI,2024-04-14,Credit,Investment,92583.98,-2255.29,Net Banking,Failed,REF-295C1D99
TXN000370,ACC010000025,CUST00026,HDFC Bank,2023-03-18,NEFT,Food & Dining,56250.5,345248.92,Net Banking,Success,REF-8C8E3FD2
TXN000371,ACC010000016,CUST00017,SBI,2023-11-19,IMPS,Entertainment,87977.68,442302.98,ATM,Success,REF-EE74900C
TXN000372,ACC010000017,CUST00018,SBI,2023-08-28,IMPS,Fuel,7141.57,181615.97,Mobile App,Success,REF-707000FB
TXN000373,ACC010000006,CUST00007,ICICI Bank,2023-06-18,Credit,Investment,42736.36,84250.35,ATM,Success,REF-755EC490
TXN000374,ACC010000028,CUST00029,Kotak Bank,2023-11-12,Credit,Food & Dining,44044.76,179577.17,POS Terminal,Success,REF-37731252
TXN000375,ACC010000045,CUST00046,Kotak Bank,2024-12-14,IMPS,Entertainment,57333.57,915088.3,Net Banking,Success,REF-6AFFDD2A
TXN000376,ACC010000045,CUST00046,Kotak Bank,2023-09-12,Credit,EMI,91999.58,922337.25,ATM,Success,REF-F657E08D
TXN000377,ACC010000001,CUST00002,Axis Bank,2024-02-19,UPI Payment,Utilities,81194.39,480202.24,Mobile App,Success,REF-6ADE701D
TXN000378,ACC010000006,CUST00007,ICICI Bank,2023-05-24,IMPS,Utilities,11581.99,74155.79,Net Banking,Success,REF-AB74DD62
TXN000379,ACC010000025,CUST00026,HDFC Bank,2024-01-17,Credit,Fuel,65212.79,380260.61,UPI,Success,REF-833307B4
TXN000380,ACC010000004,CUST00005,SBI,2023-01-23,NEFT,Healthcare,94730.48,370741.76,Net Banking,Success,REF-F3A706BF
TXN000381,ACC010000021,CUST00022,ICICI Bank,2023-05-06,Debit,Fuel,4104.02,1183183.31,Branch,Failed,REF-D649D6F6
TXN000382,ACC010000025,CUST00026,HDFC Bank,2024-05-23,Debit,Entertainment,2849.34,370086.13,Net Banking,Success,REF-44C791DC
TXN000383,ACC010000017,CUST00018,SBI,2023-10-14,UPI Payment,Fuel,42398.79,179452.72,UPI,Success,REF-8FE5D696
TXN000384,ACC010000041,CUST00042,Axis Bank,2023-10-30,ATM Withdrawal,Salary,47419.76,130607.81,Mobile App,Success,REF-80D986D0
TXN000385,ACC010000024,CUST00025,SBI,2023-05-21,IMPS,Investment,39856.35,987145.54,Net Banking,Failed,REF-B7F629E0
TXN000386,ACC010000034,CUST00035,SBI,2023-01-20,Transfer,Healthcare,93993.87,873823.19,UPI,Success,REF-4E76C238
TXN000387,ACC010000022,CUST00023,Axis Bank,2024-08-02,Debit,Salary,47752.24,782036.95,ATM,Pending,REF-50BF090E
TXN000388,ACC010000014,CUST00015,ICICI Bank,2023-01-31,Credit,Healthcare,85102.87,1068774.22,UPI,Success,REF-EA321D72
TXN000389,ACC010000049,CUST00050,Kotak Bank,2024-08-21,Credit,Utilities,94962.57,683217.29,POS Terminal,Success,REF-D3CC426C
TXN000390,ACC010000017,CUST00018,SBI,2024-06-30,Credit,Utilities,77556.28,210197.84,UPI,Success,REF-BA357F95
TXN000391,ACC010000022,CUST00023,Axis Bank,2023-06-27,IMPS,Entertainment,16770.73,790202.48,UPI,Success,REF-73840CD2
TXN000392,ACC010000045,CUST00046,Kotak Bank,2024-12-18,Debit,Fuel,33442.22,929193.52,Net Banking,Success,REF-77B858AC
TXN000393,ACC010000034,CUST00035,SBI,2023-11-13,Credit,Utilities,16719.12,844065.11,UPI,Success,REF-DD075560
TXN000394,ACC010000001,CUST00002,Axis Bank,2024-06-23,UPI Payment,Utilities,45435.05,471233.45,Net Banking,Success,REF-1209599A
TXN000395,ACC010000045,CUST00046,Kotak Bank,2023-07-01,Transfer,Salary,87288.24,940258.83,Mobile App,Success,REF-8AC6F1C0
TXN000396,ACC010000037,CUST00038,SBI,2024-12-22,IMPS,Investment,87140.43,331435.42,ATM,Success,REF-AFC8F9AB
TXN000397,ACC010000023,CUST00024,SBI,2024-12-22,Credit,Entertainment,89485.61,10172.43,ATM,Success,REF-9298DF17
TXN000398,ACC010000008,CUST00009,ICICI Bank,2023-06-11,NEFT,Healthcare,69586.82,1195627.8,POS Terminal,Success,REF-064693BD
TXN000399,ACC010000011,CUST00012,HDFC Bank,2024-12-25,UPI Payment,Entertainment,92032.14,267461.82,Net Banking,Failed,REF-1909891D
TXN000400,ACC010000037,CUST00038,SBI,2023-06-29,Transfer,Food & Dining,35977.57,329820.56,Net Banking,Failed,REF-F305EAD5
TXN000401,ACC010000000,CUST00001,ICICI Bank,2024-12-19,IMPS,Fuel,90128.89,285893.77,Mobile App,Success,REF-E6CCFBCF
TXN000402,ACC010000038,CUST00039,HDFC Bank,2023-11-22,Debit,Fuel,87502.58,607496.83,Mobile App,Success,REF-E0426649
TXN000403,ACC010000009,CUST00010,HDFC Bank,2023-12-06,Transfer,Food & Dining,70820.35,1184855.1,POS Terminal,Success,REF-45DDBF4A
TXN000404,ACC010000045,CUST00046,Kotak Bank,2024-11-17,ATM Withdrawal,Salary,60732.8,941953.61,ATM,Success,REF-E6B4BB34
TXN000405,ACC010000015,CUST00016,Axis Bank,2024-12-10,Credit,Salary,6487.11,1045994.26,Mobile App,Success,REF-C7529285
TXN000406,ACC010000028,CUST00029,Kotak Bank,2024-03-05,ATM Withdrawal,Travel,92066.22,180859.96,ATM,Pending,REF-2CF9945E
TXN000407,ACC010000024,CUST00025,SBI,2023-04-14,UPI Payment,Utilities,78745.22,992988.64,Net Banking,Success,REF-FE3D770D
TXN000408,ACC010000004,CUST00005,SBI,2023-02-04,Credit,Shopping,28051.57,375580.43,ATM,Success,REF-EE986135
TXN000409,ACC010000024,CUST00025,SBI,2023-06-14,Credit,Entertainment,69551.98,983321.29,UPI,Pending,REF-BF31410F
TXN000410,ACC010000030,CUST00031,Kotak Bank,2024-12-22,Debit,Fuel,2992.8,150605.68,Branch,Success,REF-AE5035AC
TXN000411,ACC010000003,CUST00004,ICICI Bank,2023-04-14,ATM Withdrawal,Investment,31487.43,382472.45,POS Terminal,Failed,REF-452B172D
TXN000412,ACC010000034,CUST00035,SBI,2023-09-29,Credit,Salary,62773.77,854442.59,Branch,Pending,REF-479651D9
TXN000413,ACC010000035,CUST00036,ICICI Bank,2024-05-17,ATM Withdrawal,Shopping,14633.36,242731.95,ATM,Failed,REF-873EF420
TXN000414,ACC010000040,CUST00041,Kotak Bank,2024-09-06,Debit,Food & Dining,45657.18,999973.42,POS Terminal,Success,REF-AC3B7F04
TXN000415,ACC010000005,CUST00006,Axis Bank,2024-04-29,ATM Withdrawal,Healthcare,80165.87,895812.21,Branch,Failed,REF-C48E7C96
TXN000416,ACC010000016,CUST00017,SBI,2023-04-04,Transfer,Travel,60995.21,442085.95,ATM,Success,REF-FFE01A51
TXN000417,ACC010000028,CUST00029,Kotak Bank,2023-02-15,Debit,EMI,25049.95,164080.2,UPI,Success,REF-832E7609
TXN000418,ACC010000009,CUST00010,HDFC Bank,2024-12-14,Transfer,Investment,63426.13,1178763.55,Branch,Pending,REF-1E85FCFF
TXN000419,ACC010000014,CUST00015,ICICI Bank,2024-07-20,UPI Payment,Travel,5840.41,1053116.93,UPI,Failed,REF-32751D36
TXN000420,ACC010000030,CUST00031,Kotak Bank,2024-08-09,Credit,Travel,83763.03,131958.48,POS Terminal,Success,REF-A41F5CF6
TXN000421,ACC010000032,CUST00033,HDFC Bank,2024-08-07,NEFT,Fuel,85548.21,342474.12,Net Banking,Success,REF-1988597C
TXN000422,ACC010000048,CUST00049,Axis Bank,2024-04-04,Debit,Utilities,16464.86,910145.66,Net Banking,Success,REF-2603D3D0
TXN000423,ACC010000027,CUST00028,SBI,2023-03-22,IMPS,Food & Dining,93887.18,1124437.08,UPI,Success,REF-6F48424D
TXN000424,ACC010000020,CUST00021,HDFC Bank,2023-03-10,UPI Payment,Entertainment,8313.26,738209.5,ATM,Pending,REF-FEDE64C5
TXN000425,ACC010000029,CUST00030,Axis Bank,2023-01-13,UPI Payment,Travel,74732.98,147859.58,Mobile App,Success,REF-F5B96CA5
TXN000426,ACC010000009,CUST00010,HDFC Bank,2023-06-01,Credit,Shopping,53848.09,1198642.34,UPI,Success,REF-8E57C3BD
TXN000427,ACC010000018,CUST00019,ICICI Bank,2024-07-02,Transfer,Travel,83618.89,1016440.96,POS Terminal,Success,REF-F7665EF8
TXN000428,ACC010000036,CUST00037,Kotak Bank,2024-09-15,ATM Withdrawal,Food & Dining,44965.78,749802.35,UPI,Pending,REF-73BB30E8
TXN000429,ACC010000043,CUST00044,SBI,2024-12-11,Transfer,Utilities,38193.3,331464.58,Mobile App,Failed,REF-A7AEDB11
TXN000430,ACC010000030,CUST00031,Kotak Bank,2023-10-03,IMPS,EMI,85223.13,113717.31,ATM,Success,REF-8BA30A25
TXN000431,ACC010000031,CUST00032,SBI,2024-12-13,Debit,Food & Dining,65076.7,685002.12,ATM,Failed,REF-D5E0935F
TXN000432,ACC010000028,CUST00029,Kotak Bank,2023-11-25,NEFT,Shopping,25631.43,162148.79,Net Banking,Success,REF-5DCCA5FF
TXN000433,ACC010000013,CUST00014,ICICI Bank,2024-02-21,IMPS,Entertainment,70402.71,1130624.69,Mobile App,Pending,REF-3E325EB7
TXN000434,ACC010000010,CUST00011,Axis Bank,2023-03-09,Debit,Investment,29591.14,92818.37,UPI,Success,REF-82BB67E4
TXN000435,ACC010000011,CUST00012,HDFC Bank,2023-07-17,Credit,Utilities,83148.39,247748.47,Mobile App,Success,REF-5B41A84B
TXN000436,ACC010000003,CUST00004,ICICI Bank,2024-01-05,IMPS,Healthcare,66954.99,354455.61,UPI,Success,REF-F219343F
TXN000437,ACC010000040,CUST00041,Kotak Bank,2023-05-07,ATM Withdrawal,Fuel,64727.51,1005771.46,Branch,Success,REF-91CC4C75
TXN000438,ACC010000030,CUST00031,Kotak Bank,2024-08-23,IMPS,EMI,52399.14,126677.95,POS Terminal,Failed,REF-54B18D9B
TXN000439,ACC010000005,CUST00006,Axis Bank,2023-10-19,IMPS,Fuel,2656.42,885464.11,Net Banking,Success,REF-FD3D21B2
TXN000440,ACC010000041,CUST00042,Axis Bank,2023-08-19,ATM Withdrawal,Investment,64397.16,106060.01,Mobile App,Failed,REF-522BD9EB
TXN000441,ACC010000000,CUST00001,ICICI Bank,2024-04-30,UPI Payment,Salary,86598.39,296124.57,Net Banking,Success,REF-851ED8EA
TXN000442,ACC010000038,CUST00039,HDFC Bank,2023-11-09,Transfer,Travel,67724.71,597170.29,Branch,Success,REF-F290A30E
TXN000443,ACC010000029,CUST00030,Axis Bank,2023-09-16,UPI Payment,Fuel,20768.95,135023.06,Branch,Pending,REF-7F8AFA51
TXN000444,ACC010000006,CUST00007,ICICI Bank,2023-01-08,IMPS,Entertainment,48618.23,98183.24,UPI,Failed,REF-8A2123F5
TXN000445,ACC010000038,CUST00039,HDFC Bank,2024-09-15,ATM Withdrawal,Shopping,26890.17,596172.09,ATM,Success,REF-389A0AA9
TXN000446,ACC010000040,CUST00041,Kotak Bank,2023-11-29,NEFT,EMI,81848.63,1006539.82,Net Banking,Success,REF-B7B8BD26
TXN000447,ACC010000033,CUST00034,HDFC Bank,2023-09-04,IMPS,Fuel,85475.28,739988.83,Branch,Failed,REF-9CB17F0C
TXN000448,ACC010000020,CUST00021,HDFC Bank,2024-11-28,ATM Withdrawal,EMI,13336.31,716973.14,ATM,Success,REF-B54E6EEE
TXN000449,ACC010000025,CUST00026,HDFC Bank,2024-02-02,UPI Payment,Utilities,70002.71,366078.56,ATM,Failed,REF-35D7F723
TXN000450,ACC010000045,CUST00046,Kotak Bank,2023-08-16,ATM Withdrawal,Entertainment,65215.9,932020.01,UPI,Success,REF-42F2279F
TXN000451,ACC010000010,CUST00011,Axis Bank,2024-11-04,Credit,Healthcare,83273.18,79791.99,Net Banking,Failed,REF-39CBBCCB
TXN000452,ACC010000016,CUST00017,SBI,2024-07-26,NEFT,Entertainment,72489.08,433907.6,POS Terminal,Success,REF-4FFCA451
TXN000453,ACC010000014,CUST00015,ICICI Bank,2023-12-30,ATM Withdrawal,Entertainment,21254.99,1072489.98,ATM,Success,REF-73D3D085
TXN000454,ACC010000037,CUST00038,SBI,2023-10-29,Credit,Fuel,44084.07,305172.02,UPI,Pending,REF-97EB1384
TXN000455,ACC010000004,CUST00005,SBI,2024-04-28,IMPS,Travel,84501.0,382850.84,UPI,Success,REF-CBF19CFB
TXN000456,ACC010000026,CUST00027,SBI,2023-02-25,Debit,Entertainment,82737.13,783780.65,Branch,Pending,REF-A1B76EA6
TXN000457,ACC010000029,CUST00030,Axis Bank,2023-05-27,IMPS,Shopping,30090.61,151564.0,Branch,Success,REF-F1935FDF
TXN000458,ACC010000040,CUST00041,Kotak Bank,2023-07-01,ATM Withdrawal,EMI,29808.67,998414.48,Net Banking,Success,REF-EE201918
TXN000459,ACC010000036,CUST00037,Kotak Bank,2023-06-12,Credit,Food & Dining,46535.34,773457.13,UPI,Success,REF-C61E3176
TXN000460,ACC010000040,CUST00041,Kotak Bank,2024-03-15,ATM Withdrawal,Salary,38352.21,1034707.05,Mobile App,Pending,REF-DFED000F
TXN000461,ACC010000012,CUST00013,Axis Bank,2024-01-18,IMPS,Investment,90259.02,337594.76,Net Banking,Success,REF-62538966
TXN000462,ACC010000043,CUST00044,SBI,2023-01-05,NEFT,Entertainment,59553.92,325585.79,ATM,Success,REF-0748CFB3
TXN000463,ACC010000006,CUST00007,ICICI Bank,2024-01-28,Credit,Salary,47841.8,83933.62,ATM,Success,REF-C69A0C70
TXN000464,ACC010000029,CUST00030,Axis Bank,2024-06-16,NEFT,Food & Dining,56675.32,136450.67,ATM,Success,REF-775F26E7
TXN000465,ACC010000022,CUST00023,Axis Bank,2023-07-12,IMPS,Travel,15705.69,802777.47,Mobile App,Success,REF-FE6CC027
TXN000466,ACC010000014,CUST00015,ICICI Bank,2023-05-15,UPI Payment,Food & Dining,20102.51,1038509.22,Mobile App,Success,REF-6AFC9052
TXN000467,ACC010000045,CUST00046,Kotak Bank,2024-10-28,NEFT,EMI,75262.47,921495.17,UPI,Pending,REF-4B18064D
TXN000468,ACC010000003,CUST00004,ICICI Bank,2024-08-31,NEFT,Salary,94494.89,369975.31,Mobile App,Failed,REF-A90F9E2A
TXN000469,ACC010000007,CUST00008,SBI,2024-03-02,Transfer,Healthcare,42237.64,537595.0,POS Terminal,Success,REF-AB5803D1
TXN000470,ACC010000013,CUST00014,ICICI Bank,2024-12-12,ATM Withdrawal,Shopping,65161.02,1100617.14,POS Terminal,Pending,REF-DF2D7DAE
TXN000471,ACC010000017,CUST00018,SBI,2024-09-29,IMPS,Shopping,57554.98,178994.0,UPI,Failed,REF-F53DC68B
TXN000472,ACC010000039,CUST00040,HDFC Bank,2023-05-01,ATM Withdrawal,Utilities,26893.01,1098267.51,UPI,Success,REF-533767E0
TXN000473,ACC010000049,CUST00050,Kotak Bank,2023-09-27,Transfer,Travel,79000.81,683182.89,ATM,Success,REF-45F6C212
TXN000474,ACC010000002,CUST00003,HDFC Bank,2024-07-15,ATM Withdrawal,Entertainment,47178.88,795977.58,Net Banking,Success,REF-108D0242
TXN000475,ACC010000000,CUST00001,ICICI Bank,2024-11-18,UPI Payment,Healthcare,8500.82,274646.95,Net Banking,Success,REF-D9D48DE3
TXN000476,ACC010000049,CUST00050,Kotak Bank,2024-06-07,Transfer,Utilities,7175.83,673201.15,Branch,Success,REF-3936E256
TXN000477,ACC010000016,CUST00017,SBI,2024-04-20,IMPS,Salary,4805.11,459112.01,ATM,Success,REF-7ECACB58
TXN000478,ACC010000043,CUST00044,SBI,2023-11-17,IMPS,Salary,40498.24,320268.91,Mobile App,Success,REF-A80B9946
TXN000479,ACC010000042,CUST00043,SBI,2024-10-24,ATM Withdrawal,Fuel,16240.14,505474.15,ATM,Failed,REF-FBF08340
TXN000480,ACC010000005,CUST00006,Axis Bank,2024-01-17,ATM Withdrawal,Travel,77430.86,890792.85,Branch,Success,REF-653C5637
TXN000481,ACC010000024,CUST00025,SBI,2024-12-07,NEFT,Food & Dining,80821.27,993435.4,Mobile App,Success,REF-06AB503A
TXN000482,ACC010000044,CUST00045,Axis Bank,2023-03-02,Credit,Travel,93249.99,23011.09,UPI,Success,REF-C8F12973
TXN000483,ACC010000036,CUST00037,Kotak Bank,2024-11-25,IMPS,Entertainment,41653.56,767367.29,UPI,Success,REF-FB619177
TXN000484,ACC010000043,CUST00044,SBI,2023-05-14,ATM Withdrawal,Healthcare,45918.41,335157.78,Mobile App,Success,REF-508FB309
TXN000485,ACC010000016,CUST00017,SBI,2024-11-01,NEFT,Investment,29886.89,454767.6,POS Terminal,Pending,REF-BF794C21
TXN000486,ACC010000046,CUST00047,Kotak Bank,2024-08-01,IMPS,Entertainment,21317.37,784580.95,UPI,Pending,REF-C114871E
TXN000487,ACC010000044,CUST00045,Axis Bank,2024-12-18,NEFT,Utilities,58751.79,6551.02,Branch,Success,REF-CEF6C2D5
TXN000488,ACC010000042,CUST00043,SBI,2024-11-23,IMPS,Investment,60951.35,497119.23,UPI,Success,REF-219C3DB3
TXN000489,ACC010000000,CUST00001,ICICI Bank,2024-10-20,ATM Withdrawal,Healthcare,88768.57,290452.41,Net Banking,Success,REF-27B88602
TXN000490,ACC010000048,CUST00049,Axis Bank,2024-05-18,Transfer,Salary,30494.18,884006.73,UPI,Success,REF-7841F45F
TXN000491,ACC010000035,CUST00036,ICICI Bank,2024-10-20,Credit,Healthcare,36001.64,260982.92,Branch,Pending,REF-74C7DB07
TXN000492,ACC010000028,CUST00029,Kotak Bank,2023-04-01,Credit,Healthcare,81383.15,163360.6,POS Terminal,Failed,REF-62C5AC04
TXN000493,ACC010000001,CUST00002,Axis Bank,2023-04-16,UPI Payment,Salary,38356.6,459397.37,Mobile App,Pending,REF-A0A972DB
TXN000494,ACC010000039,CUST00040,HDFC Bank,2024-10-14,Debit,Healthcare,28971.58,1087210.62,ATM,Success,REF-720387DB
TXN000495,ACC010000003,CUST00004,ICICI Bank,2023-08-17,IMPS,Fuel,80217.94,356775.42,UPI,Success,REF-350C92C6
TXN000496,ACC010000045,CUST00046,Kotak Bank,2024-11-03,Credit,Utilities,34544.82,924588.77,Mobile App,Success,REF-C8660478
TXN000497,ACC010000022,CUST00023,Axis Bank,2024-10-10,UPI Payment,Entertainment,91622.98,778181.04,POS Terminal,Success,REF-7C08424A
TXN000498,ACC010000002,CUST00003,HDFC Bank,2023-06-18,NEFT,Travel,46805.48,820543.37,Mobile App,Success,REF-A4DC363E
TXN000499,ACC010000039,CUST00040,HDFC Bank,2023-07-20,ATM Withdrawal,Utilities,17857.25,1104085.76,Branch,Success,REF-802EF2EA
TXN000500,ACC010000045,CUST00046,Kotak Bank,2023-12-13,NEFT,Fuel,10282.36,923066.28,Mobile App,Success,REF-D25D9B3A
